Workbook

Sheet QUESTÃO 1
B1: RM
B2: A = | C2: 1 | E2: R | F2: =C2+1 -> 2
B3: B = | C3: 2
B4: C = | C4: 3 | E4: S | F4: =C3+3 -> 5
B5: D = | C5: 4
B6: E = | C6: 5 | E6: T | F6: =C4+5 -> 8
B8: QUESTÃO 1
B10: a) | C10: 1.o) | D10: U(h) = | E10: ò | F10: 3 | T10: dh | U10: =
F11: ( | H11: =F2 -> 2 | I11: . | J11: h | K11: + | L11: =F4 -> 5 | M11: ) | N11: ^ | O11: ( | P11: 1 | Q11: / | R11: =F6 -> 8 | S11: )
D13: = | E13: ò | F13: [ | G13: =F10 -> 3 | H13: . | I13: =F11 -> ( | J13: =H11 -> 2 | K13: =I11 -> . | L13: =J11 -> h | M13: =K11 -> + | N13: =L11 -> 5 | O13: =M11 -> ) | P13: =N11 -> ^ | Q13: =O11 -> ( | R13: =-P11 -> -1 | S13: =Q11 -> / | T13: =R11 -> 8 | U13: =S11 -> ) | V13: ] | W13: =T10 -> dh | X13: =U10 -> =
D16: = | E16: =G13 -> 3 | F16: . | G16: ò | H16: u | I16: ^ | J16: =Q13 -> ( | K16: =R13 -> -1 | L16: =S13 -> / | M16: =T13 -> 8 | N16: =U13 -> ) | O16: du | P16: =
O17: =J13 -> 2
D19: = | E19: 3 | F19: ò | G19: =H16 -> u | H19: ^ | I19: =J16 -> ( | J19: =K16 -> -1 | K19: =L16 -> / | L19: =M16 -> 8 | M19: =N16 -> ) | N19: du | O19: =
E20: =O17 -> 2
D22: = | E22: 3 | F22: . | G22: =G19 -> u | H22: ^ | I22: ( | J22: =L19+J19 -> 7 | K22: =K19 -> / | L22: =L19 -> 8 | M22: =M19 -> ) | N22: . | O22: =L22 -> 8 | P22: + | Q22: C | R22: Þ
E23: =E20 -> 2 | O23: =J22 -> 7
D25: =R22 -> Þ | E25: =D10 -> U(h) = | F25: =E22*O22 -> 24 | G25: . | H25: =I13 -> ( | I25: =J13 -> 2 | J25: =K13 -> . | K25: =L13 -> h | L25: =M13 -> + | M25: =N13 -> 5 | N25: =O13 -> ) | O25: =P13 -> ^ | P25: =Q13 -> ( | Q25: =J22 -> 7 | R25: =K22 -> / | S25: =L22 -> 8 | T25: =M22 -> ) | U25: =P22 -> + | V25: =Q22 -> C
F26: =E23*O23 -> 14
C28: 2.o) | D28: U(0) = 1 | E28: Þ | F28: =F25 -> 24 | G28: =G25 -> . | H28: =I25*0+M25 -> 5 | I28: =O25 -> ^ | J28: =P25 -> ( | K28: =Q25 -> 7 | L28: =R25 -> / | M28: =S25 -> 8 | N28: =T25 -> ) | O28: =U25 -> + | P28: =V25 -> C | Q28: = | R28: 1 | S28: Þ
F29: =F26 -> 14
D31: Þ | E31: =(F28/F29)*(H28^(K28/M28)) -> 7.009418 | F31: =O28 -> + | G31: =P28 -> C | H31: =Q28 -> = | I31: =R28 -> 1 | J31: Þ | K31: =G31 -> C | L31: = | M31: =I31-E31 -> -6.009418
D33: Portanto:
D35: =D10 -> U(h) = | E35: =F25 -> 24 | F35: =G25 -> . | G35: =H25 -> ( | H35: =I25 -> 2 | I35: =J25 -> . | J35: =K25 -> h | K35: =L25 -> + | L35: =M25 -> 5 | ... S35: =T25 -> ) | T35: - | U35: =-M31 -> 6.009418
E36: =F26 -> 14
D37: Simplificar a fração, se possível
B39: b) | D39: U(24)= | E39: =E35 -> 24 | F39: =F35 -> . | G39: =G35 -> ( | H39: =H35 -> 2 | I39: x | J39: 24 | K39: =K35 -> + | L39: =L35 -> 5 | M39: =M35 -> ) | N39: =N35 -> ^ | O39: =O35 -> ( | P39: =P35 -> 7 | Q39: =Q35 -> / | R39: =R35 -> 8 | ... U39: =U35 -> 6.009418 | V39: =
E40: =E36 -> 14
D42: = | E42: =(E39/E40)*((H39*J39+L39)^(P39/R39))+M31 -> 49.303248 | F42: %
D44: Portanto: | E44: U(24) = | F44: =E42 -> 49.303248 | G44: =F42 -> %

Sheet QUESTÃO 2
B2: QUESTÃO 2 | Y2: A RESOLUÇÃO A SEGUIR É EXCLUSIVA PARA R = T
C4: a) | D4: 1.o) | E4: U(h) = | F4: ò | G4: 30 | H4: h | I4: + | J4: =10*'QUESTÃO 1'!$F$2+20*'QUESTÃO 1'!$F$6 -> 180 | L4: dh | M4: = | Z4: a) | AA4: 1.o) | AB4: U(h) = | AC4: ò | AD4: 30 | AE4: h | AF4: + | AG4: =10*'QUESTÃO 1'!$F$2+20*'QUESTÃO 1'!$F$6 -> 180 | AI4: dh | AJ4: =
G5: h² + | H5: ='QUESTÃO 1'!$F$2+'QUESTÃO 1'!$F$6 -> 10 | I5: h | J5: + | K5: ='QUESTÃO 1'!$F$2*'QUESTÃO 1'!$F$6 -> 16 | AD5: h² + | AE5: ='QUESTÃO 1'!$F$2+'QUESTÃO 1'!$F$6 -> 10 | AF5: h | AG5: + | AH5: ='QUESTÃO 1'!$F$2*'QUESTÃO 1'!$F$6 -> 16
E7: =G5 -> h² + | F7: =H5 -> 10 | G7: =I5 -> h | H7: =J5 -> + | I7: =K5 -> 16 | J7: = | K7: 0 | L7: Þ | M7: h = | N7: =-'QUESTÃO 1'!$F$2 -> -2 | O7: ou h = | P7: =-'QUESTÃO 1'!$F$6 -> -8 | AB7: =AD5 -> h² + | AC7: =AE5 -> 10 | AD7: =AF5 -> h | AE7: =AG5 -> + | AF7: =AH5 -> 16 | AG7: = | AH7: 0 | AI7: Þ | AJ7: h = | AK7: =-'QUESTÃO 1'!$F$2 -> -2 | AL7: ou h = | AM7: =-'QUESTÃO 1'!$F$6 -> -8
E9: Fatoração | G9: ( h + | H9: =-N7 -> 2 | I9: ).( | J9: h + | K9: =-P7 -> 8 | L9: ) | AB9: Fatoração | AD9: ( h + | AE9: =-AK7 -> 2 | AF9: ).( | AG9: h + | AH9: =-AM7 -> 8 | AI9: )
AB10: Assim:
E11: =G4 -> 30 | F11: =H4 -> h | G11: =I4 -> + | H11: =J4 -> 180 | J11: =M4 -> = | K11: M | M11: + | N11: N | P11: = | Q11: M. (h + | R11: =O12 -> 8 | S11: ) + N.(h + | T11: =L12 -> 2 | U11: ) | V11: Þ | AB11: =AB4 -> U(h) = | AC11: ò | AD11: =AD4 -> 30 | AE11: =AE4 -> h | AF11: =AF4 -> + | AG11: =AG4 -> 180 | AI11: =AI4 -> dh | AJ11: =AJ4 -> = | AK11: ò | AL11: ( | AM11: =AD11 -> 30 | AN11: . ( | AO11: h + | AP11: =AG11/AM11 -> 6 | AQ11: ) | AT11: ) | AU11: dh | AV11: =
E12: =G5 -> h² + | F12: =H5 -> 10 | G12: =I5 -> h | H12: =J5 -> + | I12: =K5 -> 16 | K12: h + | L12: =H9 -> 2 | N12: =K12 -> h + | O12: =K9 -> 8 | Q12: =G5 -> h² + | R12: =H5 -> 10 | S12: h + | T12: =K5 -> 16 | AD12: =AD5 -> h² + | AE12: =AE5 -> 10 | AF12: =AF5 -> h | AG12: =AG5 -> + | AH12: =AH5 -> 16 | AM12: =AD9 -> ( h + | AN12: =AE9 -> 2 | AO12: =AF9 -> ).( | AP12: =AG9 -> h + | AQ12: =AH9 -> 8 | AR12: =AI9 -> )
E14: =Q11 -> M. (h + | F14: =R11 -> 8 | G14: =S11 -> ) + N.(h + | H14: =T11 -> 2 | I14: =U11 -> ) | J14: = | K14: =E11 -> 30 | L14: =F11 -> h | M14: =G11 -> + | N14: =H11 -> 180 | AB14: = | AC14: ò | AD14: =AD11 -> 30 | AF14: dh | AG14: Þ | AH14: =AB11 -> U(h) = | AI14: =AD14 -> 30 | AJ14: . | AK14: LN ( | AL14: h + | AM14: =AE15 -> FALSO | AN14: ) | AO14: + | AP14: C
AD15: h + | AE15: =IF(OR(AN12<AQ12, AN12>AQ12), "FALSO", AP11) -> FALSO
D16: Para | E16: h = | F16: =N7 -> -2 | G16: Þ | H16: M = | I16: =(K14*F16+N14)/(F16+F14) -> 20 | K16: Para | L16: h = | M16: =P7 -> -8 | N16: Þ | O16: N = | P16: =(K14*M16+N14)/(M16+H14) -> 10
AA17: 2.o) | AB17: U(0) = 1 | AC17: Þ | AD17: =AI14 -> 30 | AE17: LN( | AF17: =AM14 -> FALSO | AG17: ) + | AH17: C | AI17: = | AJ17: 1 | AK17: Þ
E18: Assim:
AB19: Þ | AC19: =30*LN(AF17) -> #VALUE! | AE19: + | AF19: C | AG19: = | AH19: 1 | AI19: Þ | AJ19: C | AK19: = | AL19: =AH19-AC19 -> #VALUE!
E20: =E4 -> U(h) = | F20: ò | G20: =G4 -> 30 | H20: =H4 -> h | I20: =I4 -> + | J20: =J4 -> 180 | L20: =L4 -> dh | M20: =M4 -> = | N20: ò | O20: ( | P20: =I16 -> 20 | R20: + | S20: =P16 -> 10 | U20: ) | V20: dh | W20: Þ
G21: =G5 -> h² + | H21: =H5 -> 10 | I21: =I5 -> h | J21: =J5 -> + | K21: =K5 -> 16 | P21: =K12 -> h + | Q21: =L12 -> 2 | S21: =N12 -> h + | T21: =O12 -> 8 | AB21: Portanto:
D23: Þ | E23: =E20 -> U(h) = | F23: =P20 -> 20 | G23: LN( | H23: =P21 -> h + | I23: =Q21 -> 2 | J23: ) | K23: + | L23: =S20 -> 10 | M23: LN( | N23: =S21 -> h + | O23: =T21 -> 8 | P23: ) | Q23: + | R23: C | AB23: =AB11 -> U(h) = | AC23: =AI14 -> 30 | AD23: =AJ14 -> . | AE23: =AK14 -> LN ( | AF23: =AL14 -> h + | AG23: =AM14 -> FALSO | AH23: =AN14 -> ) | AI23: - | AJ23: =-AL19 -> #VALUE!
D26: 2.o) | E26: U(0) = 1 | F26: Þ | G26: =F23 -> 20 | H26: LN( | I26: =I23+0 -> 2 | J26: ) + | K26: =L23 -> 10 | L26: LN( | M26: =O23+0 -> 8 | N26: ) + | O26: C = | P26: 1 | Q26: Þ | Z26: b)
AK27: = | AL27: =AC30-AC31 -> #VALUE! | AM27: %
E28: Þ | F28: =G26*LN(I26)+K26*LN(M26) -> 34.657359 | H28: + | I28: C | J28: = | K28: =P26 -> 1 | L28: Þ | M28: C | N28: = | O28: =K28-F28 -> -33.657359
E30: Portanto: | AB30: U(12) = | AC30: =30*LN(12+AG23)+AL19 -> #VALUE! | AD30: %
AB31: U(6) = | AC31: =30*LN(6+AG23)+AL19 -> #VALUE! | AD31: %
E32: =E20 -> U(h) = | F32: =F23 -> 20 | G32: =G23 -> LN( | H32: =H23 -> h + | I32: =I23 -> 2 | J32: =J23 -> ) | K32: =K23 -> + | L32: =L23 -> 10 | M32: =M23 -> LN( | ... P32: =P23 -> ) | Q32: - | R32: =-O28 -> 33.657359
C35: b)
N36: = | O36: =F39-F40 -> 14.759065 | P36: %
E39: U(12) = | F39: =F32*LN(12+I32)+L32*LN(12+O32)+O28 -> 49.08111 | G39: %
E40: U(6) = | F40: =F32*LN(6+I32)+L32*LN(6+O32)+O28 -> 34.322045 | G40: %
